Fecha;PIB_var_anual
2013-01-01;-2.9697
2013-02-01;-2.9697
2013-03-01;-2.9697
2013-04-01;-1.2348
2013-05-01;-1.2348
2013-06-01;-1.2348
2013-07-01;-0.9055
2013-08-01;-0.9055
2013-09-01;-0.9055
2013-10-01;-0.5423
2013-11-01;-0.5423
2013-12-01;-0.5423
2014-01-01;0.7828
2014-02-01;0.7828
2014-03-01;0.7828
2014-04-01;0.8109
2014-05-01;0.8109
2014-06-01;0.8109
2014-07-01;1.711
2014-08-01;1.711
2014-09-01;1.711
2014-10-01;2.2448
2014-11-01;2.2448
2014-12-01;2.2448
2015-01-01;3.1917
2015-02-01;3.1917
2015-03-01;3.1917
2015-04-01;3.9311
2015-05-01;3.9311
2015-06-01;3.9311
2015-07-01;4.1494
2015-08-01;4.1494
2015-09-01;4.1494
2015-10-01;4.0496
2015-11-01;4.0496
2015-12-01;4.0496
2016-01-01;3.6539
2016-02-01;3.6539
2016-03-01;3.6539
2016-04-01;3.3083
2016-05-01;3.3083
2016-06-01;3.3083
2016-07-01;3.0707
2016-08-01;3.0707
2016-09-01;3.0707
2016-10-01;2.1758
2016-11-01;2.1758
2016-12-01;2.1758
2017-01-01;2.5263
2017-02-01;2.5263
2017-03-01;2.5263
2017-04-01;3.3311
2017-05-01;3.3311
2017-06-01;3.3311
2017-07-01;2.9202
2017-08-01;2.9202
2017-09-01;2.9202
2017-10-01;3.1004
2017-11-01;3.1004
2017-12-01;3.1004
2018-01-01;2.4434
2018-02-01;2.4434
2018-03-01;2.4434
2018-04-01;2.3469
2018-05-01;2.3469
2018-06-01;2.3469
2018-07-01;1.8394
2018-08-01;1.8394
2018-09-01;1.8394
2018-10-01;2.5077
2018-11-01;2.5077
2018-12-01;2.5077
2019-01-01;2.7714
2019-02-01;2.7714
2019-03-01;2.7714
2019-04-01;1.8931
2019-05-01;1.8931
2019-06-01;1.8931
2019-07-01;1.8636
2019-08-01;1.8636
2019-09-01;1.8636
2019-10-01;1.4583
2019-11-01;1.4583
2019-12-01;1.4583
2020-01-01;-4.1983
2020-02-01;-4.1983
2020-03-01;-4.1983
2020-04-01;-21.9489
2020-05-01;-21.9489
2020-06-01;-21.9489
2020-07-01;-9.0927
2020-08-01;-9.0927
2020-09-01;-9.0927
2020-10-01;-9.0859
2020-11-01;-9.0859
2020-12-01;-9.0859
2021-01-01;-4.0209
2021-02-01;-4.0209
2021-03-01;-4.0209
2021-04-01;19.1043
2021-05-01;19.1043
2021-06-01;19.1043
2021-07-01;5.2658
2021-08-01;5.2658
2021-09-01;5.2658
2021-10-01;7.069
2021-11-01;7.069
2021-12-01;7.069
2022-01-01;7.0464
2022-02-01;7.0464
2022-03-01;7.0464
2022-04-01;6.9401
2022-05-01;6.9401
2022-06-01;6.9401
2022-07-01;5.5184
2022-08-01;5.5184
2022-09-01;5.5184
2022-10-01;3.7751
2022-11-01;3.7751
2022-12-01;3.7751
2023-01-01;4.4676
2023-02-01;4.4676
2023-03-01;4.4676
2023-04-01;2.1315
2023-05-01;2.1315
2023-06-01;2.1315
2023-07-01;1.5402
2023-08-01;1.5402
2023-09-01;1.5402
2023-10-01;1.997
2023-11-01;1.997
2023-12-01;1.997
2024-01-01;2.5334
2024-02-01;2.5334
2024-03-01;2.5334
2024-04-01;3.2562
2024-05-01;3.2562
2024-06-01;3.2562
2024-07-01;3.2562
2024-08-01;3.2562
2024-09-01;3.2562
2024-10-01;3.2562
2024-11-01;3.2562
2024-12-01;3.2562
2025-01-01;3.2562
2025-02-01;3.2562
2025-03-01;3.2562
2025-04-01;3.2562
2025-05-01;3.2562
2025-06-01;3.2562
2025-07-01;3.2562
2025-08-01;3.2562
2025-09-01;3.2562
2025-10-01;3.2562
2025-11-01;3.2562
2025-12-01;3.2562
